"Step","buffer_PongNoFrameskip-v4_seed0_0407214148 - Episode Reward","buffer_PongNoFrameskip-v4_seed0_0407214148 - Episode Reward__MIN","buffer_PongNoFrameskip-v4_seed0_0407214148 - Episode Reward__MAX"
"0","-1","-1","-1"
"1","-9","-9","-9"
"2","-1","-1","-1"
"3","-6","-6","-6"
"4","11","11","11"
"5","2","2","2"
"6","-1","-1","-1"
"7","-4","-4","-4"
"8","3","3","3"
"9","-3","-3","-3"
"10","8","8","8"
"11","11","11","11"
"12","-4","-4","-4"
"13","7","7","7"
"14","1","1","1"
"15","12","12","12"
"16","4","4","4"
"17","-6","-6","-6"
"18","-6","-6","-6"
"19","-5","-5","-5"
"20","10","10","10"
"21","11","11","11"
"22","3","3","3"
"23","11","11","11"
"24","-1","-1","-1"
"25","11","11","11"
"26","-3","-3","-3"
"27","-2","-2","-2"
"28","-7","-7","-7"
"29","2","2","2"
"30","10","10","10"
"31","-10","-10","-10"
"32","-1","-1","-1"
"33","-5","-5","-5"
"34","-5","-5","-5"
"35","-3","-3","-3"
"36","11","11","11"
"37","11","11","11"
"38","-4","-4","-4"
"39","1","1","1"
"40","11","11","11"
"41","11","11","11"
"42","-6","-6","-6"
"43","2","2","2"
"44","3","3","3"
"45","8","8","8"
"46","7","7","7"
"47","11","11","11"
"48","6","6","6"
"49","5","5","5"
"50","6","6","6"
"51","-8","-8","-8"
"52","4","4","4"
"53","11","11","11"
"54","11","11","11"
"55","4","4","4"
"56","8","8","8"
"57","2","2","2"
"58","11","11","11"
"59","1","1","1"
"60","6","6","6"
"61","9","9","9"
"62","11","11","11"
"63","11","11","11"
"64","11","11","11"
"65","3","3","3"
"66","9","9","9"
"67","11","11","11"
"68","2","2","2"
"69","-7","-7","-7"
"70","-3","-3","-3"
"71","6","6","6"
"72","-4","-4","-4"
"73","14","14","14"
"74","7","7","7"
"75","5","5","5"
"76","9","9","9"
"77","12","12","12"
"78","-3","-3","-3"
"79","11","11","11"
"80","-3","-3","-3"
"81","-2","-2","-2"
"82","10","10","10"
"83","4","4","4"
"84","1","1","1"
"85","3","3","3"
"86","1","1","1"
"87","-3","-3","-3"
"88","11","11","11"
"89","-9","-9","-9"
"90","3","3","3"
"91","6","6","6"
"92","-6","-6","-6"
"93","11","11","11"
"94","-9","-9","-9"
"95","2","2","2"
"96","7","7","7"
"97","-4","-4","-4"
"98","7","7","7"
"99","1","1","1"
"100","11","11","11"
"101","-3","-3","-3"
"102","11","11","11"
"103","7","7","7"
"104","13","13","13"
"105","11","11","11"
"106","8","8","8"
"107","-1","-1","-1"
"108","5","5","5"
"109","10","10","10"
"110","-4","-4","-4"
"111","2","2","2"
"112","10","10","10"
"113","6","6","6"
"114","3","3","3"
"115","3","3","3"
"116","4","4","4"
"117","2","2","2"
"118","6","6","6"
"119","5","5","5"
"120","2","2","2"
"121","1","1","1"
"122","-5","-5","-5"
"123","-5","-5","-5"
"124","1","1","1"
"125","-1","-1","-1"
"126","5","5","5"
"127","-6","-6","-6"
"128","9","9","9"
"129","-2","-2","-2"
"130","-6","-6","-6"
"131","6","6","6"
"132","-2","-2","-2"
"133","6","6","6"
"134","4","4","4"
"135","7","7","7"
"136","1","1","1"
"137","-1","-1","-1"
"138","11","11","11"
"139","3","3","3"
"140","1","1","1"
"141","6","6","6"
"142","3","3","3"
"143","-2","-2","-2"
"144","5","5","5"
"145","11","11","11"
"146","4","4","4"
"147","2","2","2"
"148","-2","-2","-2"
"149","4","4","4"
"150","1","1","1"
"151","5","5","5"
"152","1","1","1"
"153","7","7","7"
"154","-1","-1","-1"
"155","7","7","7"
"156","6","6","6"
"157","11","11","11"
"158","-4","-4","-4"
"159","-2","-2","-2"
"160","-7","-7","-7"
"161","-1","-1","-1"
"162","5","5","5"
"163","2","2","2"
"164","-2","-2","-2"
"165","2","2","2"
"166","2","2","2"
"167","-6","-6","-6"
"168","11","11","11"
"169","-3","-3","-3"
"170","3","3","3"
"171","11","11","11"
"172","6","6","6"
"173","6","6","6"
"174","6","6","6"
"175","2","2","2"
"176","6","6","6"
"177","-2","-2","-2"
"178","2","2","2"
"179","2","2","2"
"180","6","6","6"
"181","3","3","3"
"182","6","6","6"
"183","7","7","7"
"184","-9","-9","-9"
"185","-3","-3","-3"
"186","2","2","2"
"187","11","11","11"
"188","-3","-3","-3"
"189","5","5","5"
"190","11","11","11"
"191","7","7","7"
"192","5","5","5"
"193","4","4","4"
"194","11","11","11"
"195","4","4","4"
"196","9","9","9"
"197","11","11","11"
"198","3","3","3"
"199","11","11","11"
"200","6","6","6"
"201","2","2","2"
"202","7","7","7"
"203","-5","-5","-5"
"204","11","11","11"
"205","11","11","11"
"206","7","7","7"
"207","2","2","2"
"208","-4","-4","-4"
"209","-5","-5","-5"
"210","-6","-6","-6"
"211","6","6","6"
"212","-6","-6","-6"
"213","-11","-11","-11"
"214","13","13","13"
"215","3","3","3"
"216","3","3","3"
"217","3","3","3"
"218","5","5","5"
"219","2","2","2"
"220","-2","-2","-2"
"221","-6","-6","-6"
"222","2","2","2"
"223","-3","-3","-3"
"224","11","11","11"
"225","-3","-3","-3"
"226","-2","-2","-2"
"227","5","5","5"
"228","4","4","4"
"229","-4","-4","-4"
"230","5","5","5"
"231","-2","-2","-2"
"232","2","2","2"
"233","4","4","4"
"234","12","12","12"
"235","2","2","2"
"236","-2","-2","-2"
"237","-3","-3","-3"
"238","1","1","1"
"239","8","8","8"
"240","11","11","11"
"241","-3","-3","-3"
"242","7","7","7"
"243","8","8","8"
"244","11","11","11"
"245","7","7","7"
"246","11","11","11"
"247","2","2","2"
"248","9","9","9"
"249","-5","-5","-5"
"250","3","3","3"
"251","11","11","11"
"252","2","2","2"
"253","2","2","2"
"254","-4","-4","-4"
"255","11","11","11"
"256","3","3","3"
"257","4","4","4"
"258","8","8","8"
"259","2","2","2"
"260","11","11","11"
"261","8","8","8"
"262","4","4","4"
"263","5","5","5"
"264","-2","-2","-2"
"265","11","11","11"
"266","5","5","5"
"267","2","2","2"
"268","11","11","11"
"269","4","4","4"
"270","5","5","5"
"271","6","6","6"
"272","-1","-1","-1"
"273","-8","-8","-8"
"274","-6","-6","-6"
"275","-5","-5","-5"
"276","-2","-2","-2"
"277","10","10","10"
"278","2","2","2"
"279","-1","-1","-1"
"280","11","11","11"
"281","7","7","7"
"282","-1","-1","-1"
"283","7","7","7"
"284","3","3","3"
"285","-1","-1","-1"
"286","-1","-1","-1"
"287","11","11","11"
"288","-5","-5","-5"
"289","2","2","2"
"290","11","11","11"
"291","2","2","2"
"292","4","4","4"
"293","-2","-2","-2"
"294","1","1","1"
"295","-3","-3","-3"
"296","5","5","5"
"297","-3","-3","-3"
"298","11","11","11"
"299","-3","-3","-3"
"300","-3","-3","-3"
"301","11","11","11"
"302","-2","-2","-2"
"303","-3","-3","-3"
"304","-2","-2","-2"
"305","6","6","6"
"306","3","3","3"
"307","11","11","11"
"308","3","3","3"
"309","11","11","11"
"310","4","4","4"
"311","-3","-3","-3"
"312","11","11","11"
"313","-3","-3","-3"
"314","11","11","11"
"315","11","11","11"
"316","11","11","11"
"317","11","11","11"
"318","1","1","1"
"319","-7","-7","-7"
"320","12","12","12"
"321","7","7","7"
"322","4","4","4"
"323","-1","-1","-1"
"324","6","6","6"
"325","-6","-6","-6"
"326","3","3","3"
"327","11","11","11"
"328","7","7","7"
"329","8","8","8"
"330","5","5","5"
"331","5","5","5"
"332","3","3","3"
"333","8","8","8"
"334","-1","-1","-1"
"335","6","6","6"
"336","-1","-1","-1"
"337","11","11","11"
"338","6","6","6"
"339","11","11","11"
"340","11","11","11"
"341","6","6","6"
"342","-6","-6","-6"
"343","-2","-2","-2"